Username,Username_Follower,Num_Followers
teeli__peachmuffin,onga.gh.31,455
teeli__peachmuffin,ali.n.kefel,98
teeli__peachmuffin,_ude_,771
teeli__peachmuffin,mamameagan32,445
teeli__peachmuffin,_mzasiedu_,627
teeli__peachmuffin,mildred__k,1618
teeli__peachmuffin,ffs_workz_allme,2150
teeli__peachmuffin,peacefulwildfire,1160
teeli__peachmuffin,iamaame_ama,582
teeli__peachmuffin,kofijemfi,325
teeli__peachmuffin,archie_iv,733
teeli__peachmuffin,stanzy2011,48
teeli__peachmuffin,keee12x,4213
teeli__peachmuffin,breakvicks,4366
teeli__peachmuffin,donkor_agyeman_,1220
teeli__peachmuffin,dnicedagr8,2440
teeli__peachmuffin,bellanto_1,589
teeli__peachmuffin,abi.weeb,946
teeli__peachmuffin,richlovefager12,29
teeli__peachmuffin,yanerta,893
teeli__peachmuffin,don_tatale,1615
teeli__peachmuffin,muaz.a.r,986
teeli__peachmuffin,sugarplum_nijah,1526
teeli__peachmuffin,helter.skelter69,597
teeli__peachmuffin,vangabriel95,1225
teeli__peachmuffin,kofiananse_stories,2432
teeli__peachmuffin,riches9952,19
teeli__peachmuffin,mykekk,613
teeli__peachmuffin,xiofentam,211
teeli__peachmuffin,abbey_inzaghi,1215
teeli__peachmuffin,ceraphyna,1781
teeli__peachmuffin,lesliefranksgh,625
teeli__peachmuffin,stampedlikereese_,1080
teeli__peachmuffin,martinsadjei,423
teeli__peachmuffin,spencerbwoy_,2053
teeli__peachmuffin,samuel_kwame_ayaba,652
teeli__peachmuffin,m.buchmaier,3971
teeli__peachmuffin,trenchbaby_rex,3716
teeli__peachmuffin,reboundafrica,1017
teeli__peachmuffin,cristiangomez9390,528
teeli__peachmuffin,barbiedoll._.jay,1545
Username,Username_Follower,Num_Followers,Username_Following,Num_Following
teeli__peachmuffin,,,obediah_tawiah,466
teeli__peachmuffin,,,queenshealingqueens,157548
teeli__peachmuffin,,,louisvuitton,56012391
teeli__peachmuffin,,,_sandra.forbes,2650
teeli__peachmuffin,,,maameyaambrah,157
teeli__peachmuffin,,,layniicoleee,5427
teeli__peachmuffin,,,minamassaley,1417
teeli__peachmuffin,,,foodwritermom,93.9kfollowers
teeli__peachmuffin,,,everydaythebrand,15547
teeli__peachmuffin,,,mr___ike,17.2kfollowers
teeli__peachmuffin,,,dolcegabbana,30542096
teeli__peachmuffin,,,stanzy2011,48
teeli__peachmuffin,,,arena_hair_do,1121
teeli__peachmuffin,,,denniscobbs,678followers
teeli__peachmuffin,,,mercedesbenz,39409144
teeli__peachmuffin,,,mustaphakulungumk,999
teeli__peachmuffin,,,breakvicks,4364
teeli__peachmuffin,,,sistersunveiled,22.4kfollowers
teeli__peachmuffin,,,yanerta,893followers
teeli__peachmuffin,,,_mzasiedu_,629followers
teeli__peachmuffin,,,its_sacys_shoes,4669followers
teeli__peachmuffin,,,letz_sey_ally,1109followers
teeli__peachmuffin,,,co_bbyy,5809followers
teeli__peachmuffin,,,iam_nayaa_gh,953
teeli__peachmuffin,,,emmanuel.etaat,Error
teeli__peachmuffin,,,rubysbundles,534
teeli__peachmuffin,,,whatisajonathan,952
teeli__peachmuffin,,,livetogetherorg,413
teeli__peachmuffin,,,akyen_bah,97
teeli__peachmuffin,,,abenaannoh,2444
teeli__peachmuffin,,,gr8khalifa,424
teeli__peachmuffin,,,campbellsdefinition,12862
teeli__peachmuffin,,,abreusmelisavargas,1659191
teeli__peachmuffin,,,ikearfott,953
teeli__peachmuffin,,,godlywaiting,280690
teeli__peachmuffin,,,shopp_phenomenal,388
teeli__peachmuffin,,,jjaariell,1939
teeli__peachmuffin,,,inmotion__llc,3546
teeli__peachmuffin,,,diorsia,483
teeli__peachmuffin,,,erepents,843
teeli__peachmuffin,,,sheisrestored_warroom,1765
teeli__peachmuffin,,,dalenecuisine,60
teeli__peachmuffin,,,flawless_marynicki_skincare,N/A
teeli__peachmuffin,,,abigail._.jean,N/A
teeli__peachmuffin,,,gucci,N/A
teeli__peachmuffin,,,lamborghini,N/A
teeli__peachmuffin,,,mbgcars,N/A
teeli__peachmuffin,,,callme.dc,N/A
teeli__peachmuffin,,,iisxaiah,N/A
teeli__peachmuffin,,,the_best_bagsgh,N/A
