Username,Username_Follower,Full_Name,Biography,Num_Followers
daniuselgato.gg,maiden._.eby,⋆༺ 𝕰𝖇𝖞 ༻⋆,"🩸︱ 𝕻𝖘𝖎𝖈
𝕱𝖚𝖙𝖚𝖗𝖆 𝕲𝖚𝖎𝖙𝖆𝖗𝖌𝖎𝖗𝖑",4964
daniuselgato.gg,f._.panch0,-FR/\NCISCO CVZS-,"-XXI-
•999•",281
daniuselgato.gg,_anda_en_crisis_,Mari Anda,"• Mar / María / Emi
• Cadáver exquisito en reconstrucción
• Emocionalmente (im)permeable
• Katy fanpage
•... 
more",818
daniuselgato.gg,herlisegm_,"🎻Violinista antimelómana
⚕️Wubba lubba dub dub","🎻Violinista antimelómana
⚕️Wubba lubba dub dub",208
daniuselgato.gg,diego_ldu9,Diego Chamorro,"𝕯𝖊 𝕷𝖆 𝕮𝖆𝖇𝖊𝖟𝖆 ~ 𝖀
MKT Specialist
03’ | UIO",N/A
daniuselgato.gg,marijo_zfr,María José Narváez,"La breve Vita.🫀
🫆
Chulla vida.🇪🇨
Vive, escucha y habla. M.D.O
El café? Es lo máximo en esta vida.☕",505
daniuselgato.gg,camilayagual19,Camila Yagual Herrera,"sin pausa, pero sin prisa",1053
daniuselgato.gg,eseaemee,sam del hierro,0 posts,224
daniuselgato.gg,ignazred,Igna,2 posts,299
daniuselgato.gg,de_mianbcc,Demian Bolaños Cobeña,18 posts,90
daniuselgato.gg,_sofia.hidalgo_,Sofia,"⠀
⠀
⠀
⠀
@sofiaaaa._99",678
daniuselgato.gg,sebaskon,Sebas Hidalgo,54 posts,205
daniuselgato.gg,its.chelxx,Chelo,0 posts,1149
daniuselgato.gg,espumilla_d,Deyaneira Aleman,"🐉
a blue soul",1619
daniuselgato.gg,lindamia_l,𝐋𝐈𝐍𝐃𝐀𝐌𝐈𝐀 ⚓️,✞ | @lindamia_ph | @mia_vroom | WA | info DM,2005
daniuselgato.gg,maartin.lopez._,maartin.lopez._,"🇪🇨🦉
UIO
19
@tiniito_tu_love",646
daniuselgato.gg,santi._vp,Santiago,"⚕️
Hebreos 11:1",314
daniuselgato.gg,julii_an25,Julián Narváez,"AC 🟢⚪️🐺
🇪🇨🇨🇦",191
daniuselgato.gg,karli.huilca,karla,34 posts,1734
daniuselgato.gg,sebasalvarez___,Sebas Álvarez,@maria.antoniaac ❤️‍🩹,186
daniuselgato.gg,yaaa_li.anb,•𝒀𝒂𝒍𝒊 𝑨𝒖𝒛•,"🩷🎱🍸
𝚄𝙳𝙻𝙰 / 𝙽𝙸
𝐿𝑖𝑓𝑒 𝑖𝑠 𝑎 𝑐𝑜𝑙𝑙𝑒𝑐𝑡𝑖𝑜𝑛 𝑜𝑓 𝑚𝑜𝑚𝑒𝑛𝑡𝑠
~𝟏𝟏𝟏~",1926
daniuselgato.gg,camilo_sebastian_a.r,Camilo Almeida,0 posts,212
daniuselgato.gg,alej_ic,Alejandro López,9 posts,255
daniuselgato.gg,alexo_loachamin,Alexander Loachamin,"La intuición es un spoiler..
Fotógrafo en ocasiones 📸
Tunante si se requiere🗣
@pixelandino_ Captura de momentos 📸",348
daniuselgato.gg,anthoalejo_p,Anthony,"🦝 𝙻𝚊𝚜 𝚘𝚓𝚎𝚛𝚊𝚜 𝚜𝚘𝚗 𝚑𝚊𝚖𝚋𝚛𝚎 𝚍𝚎 𝚜𝚞𝚎ñ𝚘𝚜.
Airbag ❤️‍🔥",195
daniuselgato.gg,jude_camz,cami jarrín<3,"🎧🌱🫒🧝🏻‍♀️🦩❕
coleccionista de cuarzos🪷
I love you dude, let it... 
more",202
daniuselgato.gg,felipee.rosass,Felipe Rosas,Why do we fall?,354
daniuselgato.gg,davidaortizr_29,David Alexander,Puce med 🧑‍⚕️🩺,108
daniuselgato.gg,cries_en_artista,Nipo,Quizá solo sea una cuenta artística más… o tal vez un desahogo de mis malos pensamientos. Quién sabe 🤷🏻‍♂️,52
daniuselgato.gg,stban_grzon,Esteban,"Puce
2003",91
daniuselgato.gg,ujadami,Joaquín 🤠,"18 🤠
Quitoxxx🌃",263
daniuselgato.gg,jjosenvnez,Juan José Núñez,Internacionalista PUCE 🌐,88
daniuselgato.gg,jubony_.875,Julian Bonilla,"No el mucho saber harta y satisface el alma, sino el sentir y gustar de las cosas internamente.
📍|UIO-Ecuador|",609
daniuselgato.gg,sam_13_._,Samuel Gómez,1 post,422
daniuselgato.gg,majo_montalvo__,Majo 🍒,4.20 🍃 @macmiller,702
daniuselgato.gg,david_sandov4l_,David,"@rauwalejandro
001| 🐉🀄️",187
daniuselgato.gg,mateo_ar092,Mateo Armas,1 post,43
daniuselgato.gg,yokito.lay.kio,"𝓵𝓪𝔂𝓵𝓪⋆

☆","ﾟ✧ *. :･ﾟ✧ *. ｡･ﾟ♡ﾟ･｡･
🌑🖤
18 o 19 ?",383
daniuselgato.gg,natth_p7,🐾Nathy Pérez,"2 0 0 7 || ✧⁠*⁠。
@babasonicos 𓆩♡𓆪 ִֶ",1674
daniuselgato.gg,dany.onate,Dany Oñate ☀️,Todos venimos de una estrella de mar 🌊,630
daniuselgato.gg,pablo_vega69,Pablo Vega,Éxodo 14:14,505
daniuselgato.gg,ange.les.del.cielo,Nico,"04<3
YKWIM",628
daniuselgato.gg,_nikka.__,doménica,"fck nazis
20",1837
daniuselgato.gg,sher_rukm,𝕾𝖍𝖊𝖗,"🪷🫧
la pena convertida en arte",749
daniuselgato.gg,paoyumi_,Paola Yumi Hurtado,"✟ ||⚕️| UiO~CUE | 04’
1 Corintios 15:55-57",630
daniuselgato.gg,shl_alexbustillos,Alex Bustillos,0 posts,423
daniuselgato.gg,diego__sunshinee,Diego Proaño,"@summerchild1707 mejor amigop ☯️
Arianator for live 💋
Slim bottom uwu
🏳️‍🌈 💋
Quito-Ecuador",317
